Quote,Author
"“Be yourself; everyone else is already taken.”
    
  ―
  
    Oscar Wilde",Oscar Wilde
"“I'm selfish, impatient and a little insecure. I make mistakes, I am out of control and at times hard to handle. But if you can't handle me at my worst, then you sure as hell don't deserve me at my best.”
    
  ―
  
    Marilyn Monroe",Marilyn Monroe
"“So many books, so little time.”
    
  ―
  
    Frank Zappa",Frank Zappa
"“Two things are infinite: the universe and human stupidity; and I'm not sure about the universe.”
    
  ―
  
    Albert Einstein",Albert Einstein
"“A room without books is like a body without a soul.”
    
  ―
  
    Marcus Tullius Cicero",Marcus Tullius Cicero
"“Be who you are and say what you feel, because those who mind don't matter, and those who matter don't mind.”
    
  ―
  
    Bernard M. Baruch",Bernard M. Baruch
"“You've gotta dance like there's nobody watching,Love like you'll never be hurt,Sing like there's nobody listening,And live like it's heaven on earth.”
    
  ―
  
    William W. Purkey",William W. Purkey
"“You know you're in love when you can't fall asleep because reality is finally better than your dreams.”
    
  ―
  
    Dr. Seuss",Dr. Seuss
"“You only live once, but if you do it right, once is enough.”
    
  ―
  
    Mae West",Mae West
"“Be the change that you wish to see in the world.”
    
  ―
  
    Mahatma Gandhi",Mahatma Gandhi
"“In three words I can sum up everything I've learned about life: it goes on.”
    
  ―
  
    Robert Frost",Robert Frost
"“If you want to know what a man's like, take a good look at how he treats his inferiors, not his equals.”
    
  ―
  
    J.K. Rowling,
  

Harry Potter and the Goblet of Fire","J.K. Rowling,"
"“Don’t walk in front of me… I may not followDon’t walk behind me… I may not leadWalk beside me… just be my friend”
    
  ―
  
    Albert Camus",Albert Camus
"“If you tell the truth, you don't have to remember anything.”
    
  ―
  
    Mark Twain",Mark Twain
"“I've learned that people will forget what you said, people will forget what you did, but people will never forget how you made them feel.”
    
  ―
  
    Maya Angelou",Maya Angelou
"“Friendship ... is born at the moment when one man says to another ""What! You too? I thought that no one but myself . . .”
    
  ―
  
    C.S. Lewis,
  

The Four Loves","C.S. Lewis,"
"“To live is the rarest thing in the world. Most people exist, that is all.”
    
  ―
  
    Oscar Wilde",Oscar Wilde
"“A friend is someone who knows all about you and still loves you.”
    
  ―
  
    Elbert Hubbard",Elbert Hubbard
"“Always forgive your enemies; nothing annoys them so much.”
    
  ―
  
    Oscar Wilde",Oscar Wilde
"“Darkness cannot drive out darkness: only light can do that. Hate cannot drive out hate: only love can do that.”
    
  ―
  
    Martin Luther King Jr.,
  

A Testament of Hope: The Essential Writings and Speeches","Martin Luther King Jr.,"
"“Live as if you were to die tomorrow. Learn as if you were to live forever.”
    
  ―
  
    Mahatma Gandhi",Mahatma Gandhi
"“We accept the love we think we deserve.”
    
  ―
  
    Stephen Chbosky,
  

The Perks of Being a Wallflower","Stephen Chbosky,"
"“Without music, life would be a mistake.”
    
  ―
  
    Friedrich Nietzsche,
  

Twilight of the Idols","Friedrich Nietzsche,"
"“I am so clever that sometimes I don't understand a single word of what I am saying.”
    
  ―
  
    Oscar Wilde,
  

The Happy Prince and Other Stories","Oscar Wilde,"
"“To be yourself in a world that is constantly trying to make you something else is the greatest accomplishment.”
    
  ―
  
    Ralph Waldo Emerson",Ralph Waldo Emerson
"“Here's to the crazy ones. The misfits. The rebels. The troublemakers. The round pegs in the square holes. The ones who see things differently. They're not fond of rules. And they have no respect for the status quo. You can quote them, disagree with them, glorify or vilify them. About the only thing you can't do is ignore them. Because they change things. They push the human race forward. And while some may see them as the crazy ones, we see genius. Because the people who are crazy enough to think they can change the world, are the ones who do.”
    
  ―
  
    Steve Jobs",Steve Jobs
"“Insanity is doing the same thing, over and over again, but expecting different results.”
    
  ―
  
    Narcotics Anonymous",Narcotics Anonymous
"“It is better to be hated for what you are than to be loved for what you are not.”
    
  ―
  
    Andre Gide,
  

Autumn Leaves","Andre Gide,"
"“I believe that everything happens for a reason. People change so that you can learn to let go, things go wrong so that you appreciate them when they're right, you believe lies so you eventually learn to trust no one but yourself, and sometimes good things fall apart so better things can fall together.”
    
  ―
  
    Marilyn Monroe",Marilyn Monroe
"“Twenty years from now you will be more disappointed by the things that you didn't do than by the ones you did do. So throw off the bowlines. Sail away from the safe harbor. Catch the trade winds in your sails. Explore. Dream. Discover.”
    
  ―
  
    H. Jackson Brown Jr.,
  

P.S. I Love You","H. Jackson Brown Jr.,"
"“All that is gold does not glitter,Not all those who wander are lost;The old that is strong does not wither,Deep roots are not reached by the frost.From the ashes a fire shall be woken,A light from the shadows shall spring;Renewed shall be blade that was broken,The crownless again shall be king.”
    
  ―
  
    J.R.R. Tolkien,
  

The Fellowship of the Ring","J.R.R. Tolkien,"
"“Only once in your life, I truly believe, you find someone who can completely turn your world around. You tell them things that you’ve never shared with another soul and they absorb everything you say and actually want to hear more. You share hopes for the future, dreams that will never come true, goals that were never achieved and the many disappointments life has thrown at you. When something wonderful happens, you can’t wait to tell them about it, knowing they will share in your excitement. They are not embarrassed to cry with you when you are hurting or laugh with you when you make a fool of yourself. Never do they hurt your feelings or make you feel like you are not good enough, but rather they build you up and show you the things about yourself that make you special and even beautiful. There is never any pressure, jealousy or competition but only a quiet calmness when they are around. You can be yourself and not worry about what they will think of you because they love you for who you are. The things that seem insignificant to most people such as a note, song or walk become invaluable treasures kept safe in your heart to cherish forever. Memories of your childhood come back and are so clear and vivid it’s like being young again. Colours seem brighter and more brilliant. Laughter seems part of daily life where before it was infrequent or didn’t exist at all. A phone call or two during the day helps to get you through a long day’s work and always brings a smile to your face. In their presence, there’s no need for continuous conversation, but you find you’re quite content in just having them nearby. Things that never interested you before become fascinating because you know they are important to this person who is so special to you. You think of this person on every occasion and in everything you do. Simple things bring them to mind like a pale blue sky, gentle wind or even a storm cloud on the horizon. You open your heart knowing that there’s a chance it may be broken one day and in opening your heart, you experience a love and joy that you never dreamed possible. You find that being vulnerable is the only way to allow your heart to feel true pleasure that’s so real it scares you. You find strength in knowing you have a true friend and possibly a soul mate who will remain loyal to the end. Life seems completely different, exciting and worthwhile. Your only hope and security is in knowing that they are a part of your life.”
    
  ―
  
    Bob Marley",Bob Marley
"“The person, be it gentleman or lady, who has not pleasure in a good novel, must be intolerably stupid.”
    
  ―
  
    Jane Austen,
  

Northanger Abbey","Jane Austen,"
"“It is our choices, Harry, that show what we truly are, far more than our abilities.”
    
  ―
  
    J.K. Rowling,
  

Harry Potter and the Chamber of Secrets","J.K. Rowling,"
"“Imperfection is beauty, madness is genius and it's better to be absolutely ridiculous than absolutely boring.”
    
  ―
  
    Marilyn Monroe",Marilyn Monroe
"“There are only two ways to live your life. One is as though nothing is a miracle. The other is as though everything is a miracle.”
    
  ―
  
    Albert Einstein",Albert Einstein
"“It does not do to dwell on dreams and forget to live.”
    
  ―
  
    J.K. Rowling,
  

Harry Potter and the Sorcerer's Stone","J.K. Rowling,"
"“Good friends, good books, and a sleepy conscience: this is the ideal life.”
    
  ―
  
    Mark Twain",Mark Twain
"“As he read, I fell in love the way you fall asleep: slowly, and then all at once.”
    
  ―
  
    John Green,
  

The Fault in Our Stars","John Green,"
"“We are all in the gutter, but some of us are looking at the stars.”
    
  ―
  
    Oscar Wilde,
  

Lady Windermere's Fan","Oscar Wilde,"
"“The fool doth think he is wise, but the wise man knows himself to be a fool.”
    
  ―
  
    William Shakespeare,
  

As You Like It","William Shakespeare,"
"“Fairy tales are more than true: not because they tell us that dragons exist, but because they tell us that dragons can be beaten.”
    
  ―
  
    Neil Gaiman,
  

Coraline","Neil Gaiman,"
"“It is better to remain silent at the risk of being thought a fool, than to talk and remove all doubt of it.”
    
  ―
  
    Maurice Switzer,
  

Mrs. Goose, Her Book","Maurice Switzer,"
"“Whenever you find yourself on the side of the majority, it is time to reform (or pause and reflect).”
    
  ―
  
    Mark Twain",Mark Twain
"“Life is what happens to us while we are making other plans.”
    
  ―
  
    Allen Saunders",Allen Saunders
"“Yesterday is history, tomorrow is a mystery, today is a gift of God, which is why we call it the present.”
    
  ―
  
    Bill Keane",Bill Keane
"“It is not a lack of love, but a lack of friendship that makes unhappy marriages.”
    
  ―
  
    Friedrich Nietzsche",Friedrich Nietzsche
"“I have not failed. I've just found 10,000 ways that won't work.”
    
  ―
  
    Thomas A. Edison",Thomas A. Edison
"“The opposite of love is not hate, it's indifference. The opposite of art is not ugliness, it's indifference. The opposite of faith is not heresy, it's indifference. And the opposite of life is not death, it's indifference.”
    
  ―
  
    Elie Wiesel",Elie Wiesel
"“The man who does not read has no advantage over the man who cannot read.”
    
  ―
  
    Mark Twain",Mark Twain
"“A woman is like a tea bag; you never know how strong it is until it's in hot water.”
    
  ―
  
    Eleanor Roosevelt",Eleanor Roosevelt
"“I love you without knowing how, or when, or from where. I love you simply, without problems or pride: I love you in this way because I do not know any other way of loving but this, in which there is no I or you, so intimate that your hand upon my chest is my hand, so intimate that when I fall asleep your eyes close.”
    
  ―
  
    Pablo Neruda,
  

100 Love Sonnets","Pablo Neruda,"
"“I may not have gone where I intended to go, but I think I have ended up where I needed to be.”
    
  ―
  
    Douglas Adams,
  

The Long Dark Tea-Time of the Soul","Douglas Adams,"
"“Outside of a dog, a book is man's best friend. Inside of a dog it's too dark to read.”
    
  ―
  
    Groucho Marx,
  

The Essential Groucho: Writings For By And About Groucho Marx","Groucho Marx,"
"“I am enough of an artist to draw freely upon my imagination. Imagination is more important than knowledge. Knowledge is limited. Imagination encircles the world.”
    
  ―
  
    Albert Einstein",Albert Einstein
"“I solemnly swear that I am up to no good.”
    
  ―
  
    J.K. Rowling,
  

Harry Potter and the Prisoner of Azkaban","J.K. Rowling,"
"“Love all, trust a few,Do wrong to none: be able for thine enemyRather in power than use; and keep thy friendUnder thy own life's key: be check'd for silence,But never tax'd for speech.”
    
  ―
  
    William Shakespeare,
  

All's Well That Ends Well","William Shakespeare,"
"“I like nonsense, it wakes up the brain cells. Fantasy is a necessary ingredient in living.”
    
  ―
  
    Dr. Seuss",Dr. Seuss
"“Have you ever been in love? Horrible isn't it? It makes you so vulnerable. It opens your chest and it opens up your heart and it means that someone can get inside you and mess you up.”
    
  ―
  
    Neil Gaiman,
  

The Sandman, Vol. 9: The Kindly Ones","Neil Gaiman,"
"“A reader lives a thousand lives before he dies, said Jojen. The man who never reads lives only one.”
    
  ―
  
    George R.R. Martin,
  

A Dance with Dragons","George R.R. Martin,"
"“A day without sunshine is like, you know, night.”
    
  ―
  
    Steve Martin",Steve Martin
"“Being deeply loved by someone gives you strength, while loving someone deeply gives you courage.”
    
  ―
  
    Lao Tzu",Lao Tzu
"“Never put off till tomorrow what may be done day after tomorrow just as well.”
    
  ―
  
    Mark Twain",Mark Twain
"“
The Paradoxical Commandments
People are illogical, unreasonable, and self-centered.Love them anyway.If you do good, people will accuse you of selfish ulterior motives.Do good anyway.If you are successful, you will win false friends and true enemies.Succeed anyway.The good you do today will be forgotten tomorrow.Do good anyway.Honesty and frankness make you vulnerable.Be honest and frank anyway.The biggest men and women with the biggest ideas can be shot down by the smallest men and women with the smallest minds.Think big anyway.People favor underdogs but follow only top dogs.Fight for a few underdogs anyway.What you spend years building may be destroyed overnight.Build anyway.People really need help but may attack you if you do help them.Help people anyway.Give the world the best you have and you'll get kicked in the teeth.Give the world the best you have anyway.”
    
  ―
  
    Kent M. Keith,
  

The Silent Revolution: Dynamic Leadership in the Student Council","Kent M. Keith,"
"“That which does not kill us makes us stronger.”
    
  ―
  
    Friedrich Nietzsche",Friedrich Nietzsche
"“It is never too late to be what you might have been.”
    
  ―
  
    George Eliot",George Eliot
"“You have brains in your head. You have feet in your shoes. You can steer yourself any direction you choose. You're on your own. And you know what you know. And YOU are the one who'll decide where to go...”
    
  ―
  
    Dr. Seuss,
  

Oh, the Places You’ll Go!","Dr. Seuss,"
"“For every minute you are angry you lose sixty seconds of happiness.”
    
  ―
  
    Ralph Waldo Emerson",Ralph Waldo Emerson
"“This life is what you make it. No matter what, you're going to mess up sometimes, it's a universal truth. But the good part is you get to decide how you're going to mess it up. Girls will be your friends - they'll act like it anyway. But just remember, some come, some go. The ones that stay with you through everything - they're your true best friends. Don't let go of them. Also remember, sisters make the best friends in the world. As for lovers, well, they'll come and go too. And baby, I hate to say it, most of them - actually pretty much all of them are going to break your heart, but you can't give up because if you give up, you'll never find your soulmate. You'll never find that half who makes you whole and that goes for everything. Just because you fail once, doesn't mean you're gonna fail at everything. Keep trying, hold on, and always, always, always believe in yourself, because if you don't, then who will, sweetie? So keep your head high, keep your chin up, and most importantly, keep smiling, because life's a beautiful thing and there's so much to smile about.”
    
  ―
  
    Marilyn Monroe",Marilyn Monroe
"“I love deadlines. I love the whooshing noise they make as they go by.”
    
  ―
  
    Douglas Adams,
  

The Salmon of Doubt: Hitchhiking the Galaxy One Last Time","Douglas Adams,"
"“It takes a great deal of bravery to stand up to our enemies, but just as much to stand up to our friends.”
    
  ―
  
    J.K. Rowling,
  

Harry Potter and the Sorcerer's Stone","J.K. Rowling,"
"“I'm not upset that you lied to me, I'm upset that from now on I can't believe you.”
    
  ―
  
    Friedrich Nietzsche",Friedrich Nietzsche
"“There is no greater agony than bearing an untold story inside you.”
    
  ―
  
    Maya Angelou,
  

I Know Why the Caged Bird Sings","Maya Angelou,"
"“If you judge people, you have no time to love them.”
    
  ―
  
    Mother Teresa",Mother Teresa
"“There is never a time or place for true love. It happens accidentally, in a heartbeat, in a single flashing, throbbing moment.”
    
  ―
  
    Sarah Dessen,
  

The Truth About Forever","Sarah Dessen,"
"“If you only read the books that everyone else is reading, you can only think what everyone else is thinking.”
    
  ―
  
    Haruki Murakami,
  

Norwegian Wood","Haruki Murakami,"
"“If you can't explain it to a six year old, you don't understand it yourself.”
    
  ―
  
    Albert Einstein",Albert Einstein
"“Love is that condition in which the happiness of another person is essential to your own.”
    
  ―
  
    Robert A. Heinlein,
  

Stranger in a Strange Land","Robert A. Heinlein,"
"“Anyone who thinks sitting in church can make you a Christian must also think that sitting in a garage can make you a car.”
    
  ―
  
    Garrison Keillor",Garrison Keillor
"“Everything you can imagine is real.”
    
  ―
  
    Pablo Picasso",Pablo Picasso
"“I have always imagined that Paradise will be a kind of library.”
    
  ―
  
    Jorge Luis Borges",Jorge Luis Borges
"“We don't see things as they are, we see them as we are.”
    
  ―
  
    Anaïs Nin",Anaïs Nin
"“Women and cats will do as they please, and men and dogs should relax and get used to the idea.”
    
  ―
  
    Robert A. Heinlein",Robert A. Heinlein
"“You love me. Real or not real?""I tell him, ""Real.”
    
  ―
  
    Suzanne Collins,
  

Mockingjay","Suzanne Collins,"
"“You may not be her first, her last, or her only. She loved before she may love again. But if she loves you now, what else matters? She's not perfect—you aren't either, and the two of you may never be perfect together but if she can make you laugh, cause you to think twice, and admit to being human and making mistakes, hold onto her and give her the most you can. She may not be thinking about you every second of the day, but she will give you a part of her that she knows you can break—her heart. So don't hurt her, don't change her, don't analyze and don't expect more than she can give. Smile when she makes you happy, let her know when she makes you mad, and miss her when she's not there.”
    
  ―
  
    Bob Marley",Bob Marley
"“Sometimes the questions are complicated and the answers are simple.”
    
  ―
  
    Dr. Seuss",Dr. Seuss
"“You can never get a cup of tea large enough or a book long enough to suit me.”
    
  ―
  
    C.S. Lewis",C.S. Lewis
"“Never trust anyone who has not brought a book with them.”
    
  ―
  
    Lemony Snicket,
  

Horseradish: Bitter Truths You Can't Avoid","Lemony Snicket,"
"“Life isn't about finding yourself. Life is about creating yourself.”
    
  ―
  
    George Bernard Shaw",George Bernard Shaw
"“We read to know we're not alone.”
    
  ―
  
    William Nicholson,
  

Shadowlands: A Play","William Nicholson,"
"“Sometimes, you read a book and it fills you with this weird evangelical zeal, and you become convinced that the shattered world will never be put back together unless and until all living humans read the book.”
    
  ―
  
    John Green,
  

The Fault in Our Stars","John Green,"
"“All you need is love. But a little chocolate now and then doesn't hurt.”
    
  ―
  
    Charles M. Schulz",Charles M. Schulz
"“Beauty is in the eye of the beholder and it may be necessary from time to time to give a stupid or misinformed beholder a black eye.”
    
  ―
  
    Jim Henson",Jim Henson
"“Of course it is happening inside your head, Harry, but why on earth should that mean that it is not real?”
    
  ―
  
    J.K. Rowling,
  

Harry Potter and the Deathly Hallows","J.K. Rowling,"
"“Today you are You, that is truer than true. There is no one alive who is Youer than You.”
    
  ―
  
    Dr. Seuss,
  

Happy Birthday to You!","Dr. Seuss,"
"“I'm not afraid of death; I just don't want to be there when it happens.”
    
  ―
  
    Woody Allen",Woody Allen
"“If one cannot enjoy reading a book over and over again, there is no use in reading it at all.”
    
  ―
  
    Oscar Wilde",Oscar Wilde
"“To the well-organized mind, death is but the next great adventure.”
    
  ―
  
    J.K. Rowling,
  

Harry Potter and the Sorcerer's Stone","J.K. Rowling,"
"“If you want your children to be intelligent, read them fairy tales. If you want them to be more intelligent, read them more fairy tales.”
    
  ―
  
    Albert Einstein",Albert Einstein
"“It is impossible to live without failing at something, unless you live so cautiously that you might as well not have lived at all—in which case, you fail by default.”
    
  ―
  
    J.K. Rowling",J.K. Rowling
"“I'm in love with you,"" he said quietly.""Augustus,"" I said.""I am,"" he said. He was staring at me, and I could see the corners of his eyes crinkling. ""I'm in love with you, and I'm not in the business of denying myself the simple pleasure of saying true things. I'm in love with you, and I know that love is just a shout into the void, and that oblivion is inevitable, and that we're all doomed and that there will come a day when all our labor has been returned to dust, and I know the sun will swallow the only earth we'll ever have, and I am in love with you.”
    
  ―
  
    John Green,
  

The Fault in Our Stars","John Green,"
"“Logic will get you from A to Z; imagination will get you everywhere.”
    
  ―
  
    Albert Einstein",Albert Einstein
"“I am nothing special, of this I am sure. I am a common man with common thoughts and I've led a common life. There are no monuments dedicated to me and my name will soon be forgotten, but I've loved another with all my heart and soul, and to me, this has always been enough..”
    
  ―
  
    Nicholas Sparks,
  

The Notebook","Nicholas Sparks,"
"“The truth is, everyone is going to hurt you. You just got to find the ones worth suffering for.”
    
  ―
  
    Bob Marley",Bob Marley
"“Whenever I feel the need to exercise, I lie down until it goes away.”
    
  ―
  
    Paul   Terry",Paul   Terry
"“Sometimes people are beautiful.Not in looks.Not in what they say.Just in what they are.”
    
  ―
  
    Markus Zusak,
  

I Am the Messenger","Markus Zusak,"
"“Love looks not with the eyes, but with the mind; And therefore is wing'd Cupid painted blind. Nor hath love's mind of any judgment taste; Wings and no eyes figure unheedy haste: And therefore is love said to be a child, Because in choice he is so oft beguil'd.”
    
  ―
  
    William Shakespeare,
  

A Midsummer Night’s Dream","William Shakespeare,"
"“Have you fallen in love with the wrong person yet?'Jace said, ""Unfortunately, Lady of the Haven, my one true love remains myself.""...""At least,"" she said, ""you don't have to worry about rejection, Jace Wayland.""""Not necessarily. I turn myself down occasionally, just to keep it interesting.”
    
  ―
  
    Cassandra Clare,
  

City of Bones","Cassandra Clare,"
"“You don't get to choose if you get hurt in this world...but you do have some say in who hurts you. I like my choices.”
    
  ―
  
    John Green,
  

The Fault in Our Stars","John Green,"
"“Do what you can, with what you have, where you are.”
    
  ―
  
    Theodore Roosevelt",Theodore Roosevelt
"“Folks are usually about as happy as they make their minds up to be.”
    
  ―
  
    Abraham Lincoln",Abraham Lincoln
"“The more that you read, the more things you will know. The more that you learn, the more places you'll go.”
    
  ―
  
    Dr. Seuss,
  

I Can Read with My Eyes Shut!","Dr. Seuss,"
"“There is no friend as loyal as a book.”
    
  ―
  
    Ernest Hemingway",Ernest Hemingway
"“Success is not final, failure is not fatal: it is the courage to continue that counts.”
    
  ―
  
    Winston S. Churchill",Winston S. Churchill
"“The story so far:In the beginning the Universe was created.This has made a lot of people very angry and been widely regarded as a bad move.”
    
  ―
  
    Douglas Adams,
  

The Restaurant at the End of the Universe","Douglas Adams,"
"“One good thing about music, when it hits you, you feel no pain.”
    
  ―
  
    Bob Marley",Bob Marley
"“There is nothing I would not do for those who are really my friends. I have no notion of loving people by halves, it is not my nature.”
    
  ―
  
    Jane Austen,
  

Northanger Abbey","Jane Austen,"
"“I find television very educating. Every time somebody turns on the set, I go into the other room and read a book.”
    
  ―
  
    Groucho Marx",Groucho Marx
"“So, this is my life. And I want you to know that I am both happy and sad and I'm still trying to figure out how that could be.”
    
  ―
  
    Stephen Chbosky,
  

The Perks of Being a Wallflower","Stephen Chbosky,"
"“Love is like the wind, you can't see it but you can feel it.”
    
  ―
  
    Nicholas Sparks,
  

A Walk to Remember","Nicholas Sparks,"
