Title,URL
Thanas of Bangladesh - Wikipedia,https://en.wikipedia.org/wiki/Thanas_of_Bangladesh
How Many Thana in Bangladesh: Complete Guide with Facts,https://banglalook.com/how-many-thana-in-bangladesh/
Upazila (Thana or Sub-Districts) - Bangladesh Data,https://bddata.org/db/Upazila_(Thana_or_Sub-Districts)
Thanas of Bangladesh,https://grokipedia.com/page/Thanas_of_Bangladesh
Bangladesh Thana and Postal Codes List - Scribd,https://www.scribd.com/document/477791453/thana-code-pdf
Bangladesh :: People & Population,https://www.discoverybangladesh.com/meetbangladesh/people.html
How many thana are there in Bangladesh? - liverpoololympia.com,https://liverpoololympia.com/how-many-thana-are-there-in-bangladesh/
Upazila - Wikipedia,https://en.wikipedia.org/wiki/Upazila
How many thana of Bangladesh? - Answers,https://www.answers.com/travel-destinations/How_many_thana_of_Bangladesh
How much thana in bangladesh? - FAQsTrend.com,https://faqstrend.com/how-much-thana-in-bangladesh/
